Program,Year,Species,Port_sampled,Date_of_collection,Period,Age,Length,Specimen ID,Slide ID,Date Read,Date_Reread,Reader,Certainty ,Bad Slide ,1,2,3,4_1,4_2,5,6,7,8,9,10,11,Max_stage,Biological_maturity,Functional_maturity,% atresia,atresia_scheme,Parasite_present,Granulosa_inflammation,Spawning,Post_spawn,POFs_present
ODFW,2014,Black RF,Garibaldi,11/4/2014,2014,5,39,9081,9081,3/16/2015,11/28/2022,MH,1,N,Y,Y,Y,Y,N,N,N,N,N,N,N,N,4.1,1,0,15,2,N,N,N,N,N
ODFW,2014,Black RF,Garibaldi,11/4/2014,2014,23,52,9040,9040,3/16/2015,11/28/2022,MH,1,N,Y,Y,N,N,N,N,Y,Y,N,N,N,N,7,1,1,1,1,N,N,N,N,N
ODFW,2014,Black RF,Garibaldi,11/18/2014,2014,5,37,8225,8225,3/11/2015,1/18/2023,MH,1,N,Y,Y,Y,Y,N,N,N,N,N,N,N,N,4.1,1,0,15,2,N,Y,N,N,N
ODFW,2014,Black RF,Garibaldi,11/18/2014,2014,6,39,8201,8201,3/11/2015,1/18/2023,MH,1,N,Y,Y,Y,Y,N,N,N,N,N,N,N,N,4.1,1,0,40,3,N,N,N,N,N
ODFW,2014,Black RF,Garibaldi,11/18/2014,2014,6,42,8222,8222,3/11/2015,1/18/2023,MH,1,N,Y,Y,Y,Y,N,N,N,N,N,N,N,N,4.1,1,0,40,3,N,N,N,N,N
ODFW,2014,Black RF,Garibaldi,11/18/2014,2014,6,41,8226,8226,3/11/2015,1/18/2023,MH,1,N,Y,Y,Y,Y,N,N,N,N,N,N,N,N,4.1,1,0,30,3,N,N,N,N,N
ODFW,2014,Black RF,Garibaldi,11/18/2014,2014,6,41,9044,9044,3/16/2015,11/28/2022,MH,1,N,Y,Y,Y,N,Y,Y,Y,Y,N,N,N,N,7,1,1,7,2,N,N,N,N,N
ODFW,2014,Black RF,Garibaldi,11/18/2014,2014,6,38,9046,9046,3/16/2015,11/28/2022,MH,1,N,Y,Y,Y,Y,N,N,N,N,N,N,N,N,4.1,1,0,20,2,Y,N,N,N,N
ODFW,2014,Black RF,Garibaldi,11/18/2014,2014,6,47,9056,9056,3/16/2015,11/28/2022,MH,1,N,Y,Y,Y,N,N,N,Y,Y,N,N,N,N,7,1,1,1,1,N,N,N,N,N
ODFW,2014,Black RF,Garibaldi,11/18/2014,2014,6,40,9087,9087,3/16/2015,11/28/2022,MH,1,N,Y,Y,Y,Y,N,N,N,N,N,N,N,N,4.1,1,0,30,3,N,Y,N,N,N
ODFW,2014,Black RF,Garibaldi,11/18/2014,2014,6,42,9476,9476,3/16/2015,11/28/2022,MH,1,N,Y,Y,Y,Y,Y,Y,N,N,N,N,N,N,5,1,1,15,2,N,N,N,N,N
ODFW,2014,Black RF,Garibaldi,11/18/2014,2014,6,43,9479,9479,3/16/2015,11/28/2022,MH,1,N,Y,Y,N,Y,Y,Y,Y,Y,N,N,N,N,7,1,1,2,1,N,N,N,N,N
ODFW,2014,Black RF,Garibaldi,11/18/2014,2014,6,39,9491,9491,3/16/2015,11/28/2022,MH,1,N,Y,Y,Y,Y,N,N,N,N,N,N,N,N,4.1,1,0,80,5,N,N,N,N,N
ODFW,2014,Black RF,Garibaldi,11/18/2014,2014,6,43,9498,9498,3/16/2015,11/28/2022,MH,1,N,Y,Y,Y,Y,N,Y,Y,Y,N,N,N,N,7,1,1,15,2,N,N,N,N,N
ODFW,2014,Black RF,Garibaldi,11/18/2014,2014,7,48,8206,8206,3/11/2015,1/18/2023,MH,1,N,Y,Y,Y,Y,N,Y,Y,Y,Y,N,N,N,8,1,1,20,2,N,N,N,N,N
ODFW,2014,Black RF,Garibaldi,11/18/2014,2014,7,44,8214,8214,3/11/2015,1/18/2023,MH,1,N,Y,Y,Y,N,N,N,Y,Y,Y,N,N,N,8,1,1,7,2,N,N,N,N,N
ODFW,2014,Black RF,Garibaldi,11/18/2014,2014,7,42,8221,8221,3/11/2015,1/18/2023,MH,1,N,Y,Y,Y,Y,N,N,N,N,N,N,N,N,4.1,1,0,76,5,N,N,N,N,N
ODFW,2014,Black RF,Garibaldi,11/18/2014,2014,7,38,8236,8236,3/16/2015,1/18/2023,MH,1,N,Y,Y,Y,N,N,N,N,N,N,N,N,N,3,0,0,7,2,N,N,N,N,N
ODFW,2014,Black RF,Garibaldi,11/18/2014,2014,7,43,9051,9051,3/16/2015,11/28/2022,MH,1,N,Y,Y,Y,N,N,Y,Y,Y,N,N,N,N,7,1,1,10,2,N,N,N,N,N
ODFW,2014,Black RF,Garibaldi,11/18/2014,2014,7,43,9058,9058,3/16/2015,11/28/2022,MH,1,N,Y,Y,Y,Y,N,N,N,N,N,N,N,N,4.1,1,0,30,3,Y,Y,N,N,N
ODFW,2014,Black RF,Garibaldi,11/18/2014,2014,7,44,9472,9472,3/16/2015,11/28/2022,MH,1,N,Y,Y,Y,N,N,N,N,N,N,N,N,N,3,0,0,7,2,N,N,N,N,N
ODFW,2014,Black RF,Garibaldi,11/18/2014,2014,8,39,8233,8233,3/11/2015,1/18/2023,MH,1,N,Y,Y,Y,Y,N,N,N,N,N,N,N,N,4.1,1,0,7,2,N,N,N,N,N
ODFW,2014,Black RF,Garibaldi,11/18/2014,2014,8,44,9075,9075,3/16/2015,11/28/2022,MH,1,N,Y,Y,Y,Y,N,N,N,N,N,N,N,N,4.1,1,0,55,4,N,N,N,N,N
ODFW,2014,Black RF,Garibaldi,11/18/2014,2014,8,43,9495,9495,3/16/2015,11/28/2022,MH,1,N,Y,Y,Y,N,N,N,Y,Y,N,N,N,N,7,1,0,55,4,N,N,N,N,N
ODFW,2014,Black RF,Garibaldi,11/18/2014,2014,9,46,8210,8210,3/11/2015,1/18/2023,MH,1,N,Y,Y,Y,N,N,Y,Y,Y,Y,N,N,N,8,1,1,2,1,N,N,N,N,N
ODFW,2014,Black RF,Garibaldi,11/18/2014,2014,9,44,8230,8230,3/11/2015,1/18/2023,MH,1,N,Y,Y,N,N,Y,Y,Y,Y,N,N,N,N,7,1,1,2,1,N,N,N,N,N
ODFW,2014,Black RF,Garibaldi,11/18/2014,2014,9,43,8234,8234,3/16/2015,1/18/2023,MH,1,N,Y,Y,Y,Y,Y,Y,N,N,N,N,N,N,5,1,0,80,5,Y,Y,N,N,N
ODFW,2014,Black RF,Garibaldi,11/18/2014,2014,9,45,9487,9487,3/16/2015,11/28/2022,MH,1,N,Y,Y,Y,N,N,Y,Y,N,N,N,N,N,6,1,1,2,1,N,N,N,N,N
ODFW,2014,Black RF,Garibaldi,11/18/2014,2014,10,45,8211,8211,3/11/2015,1/18/2023,MH,1,N,Y,Y,Y,Y,Y,Y,N,N,N,N,N,N,5,1,1,15,2,N,N,N,N,N
ODFW,2015,Black RF,Garibaldi,1/8/2015,2014,6,42,8115,8115,3/11/2015,1/18/2023,MH,1,N,Y,Y,Y,Y,N,N,N,N,N,N,N,N,4.1,1,0,15,2,N,N,N,N,N
ODFW,2015,Black RF,Garibaldi,1/8/2015,2014,6,37,8138,8138,3/11/2015,1/18/2023,MH,1,N,Y,Y,Y,N,N,N,N,N,N,N,N,N,3,0,0,1,1,N,N,N,N,N
ODFW,2015,Black RF,Garibaldi,1/8/2015,2014,6,40,8227,8227,3/11/2015,1/18/2023,MH,1,N,Y,Y,Y,Y,N,N,N,N,N,N,N,N,4.1,1,0,20,2,N,N,N,N,N
ODFW,2015,Black RF,Garibaldi,1/8/2015,2014,6,50,8241,8241,3/16/2015,1/18/2023,MH,1,N,Y,Y,Y,N,N,N,Y,Y,Y,N,N,N,8,1,1,15,2,N,N,N,N,N
ODFW,2015,Black RF,Garibaldi,1/8/2015,2014,6,40,8246,8246,3/16/2015,1/18/2023,MH,1,N,Y,Y,Y,N,N,N,N,N,N,N,N,N,3,0,0,7,2,N,N,N,N,N
ODFW,2015,Black RF,Garibaldi,1/8/2015,2014,6,37,8249,8249,3/16/2015,11/28/2022,MH,1,N,Y,Y,Y,Y,N,N,N,N,N,N,N,N,4.1,1,0,2,1,N,N,N,N,N
ODFW,2015,Black RF,Garibaldi,1/8/2015,2014,7,37,8122,8122,3/11/2015,1/18/2023,MH,1,N,Y,Y,Y,N,N,N,N,N,N,N,N,N,3,0,0,4,1,N,N,N,N,N
ODFW,2015,Black RF,Garibaldi,1/8/2015,2014,7,39,8229,8229,3/11/2015,1/18/2023,MH,1,N,Y,Y,Y,N,N,N,N,N,N,N,N,N,3,0,0,2,1,N,N,N,N,N
ODFW,2015,Black RF,Garibaldi,1/8/2015,2014,7,40,8237,8237,3/16/2015,1/18/2023,MH,1,N,Y,Y,Y,N,N,N,N,N,N,N,N,N,3,0,0,2,1,N,N,N,N,N
ODFW,2015,Black RF,Garibaldi,1/8/2015,2014,7,37,8242,8242,3/16/2015,1/18/2023,MH,1,N,Y,Y,Y,Y,N,N,N,N,N,N,N,N,4.1,1,0,30,3,N,N,N,N,N
ODFW,2015,Black RF,Garibaldi,1/8/2015,2014,7,42,8247,8247,3/16/2015,11/28/2022,MH,1,N,Y,Y,Y,Y,N,N,N,N,N,N,N,N,4.1,1,0,80,5,N,N,N,N,N
ODFW,2015,Black RF,Garibaldi,1/8/2015,2014,7,36,8250,8250,3/16/2015,11/28/2022,MH,1,N,Y,Y,Y,N,N,N,N,N,N,N,N,N,3,0,0,2,1,N,N,N,N,N
ODFW,2015,Black RF,Garibaldi,1/8/2015,2014,7,40,8251,8251,3/16/2015,11/28/2022,MH,1,N,Y,Y,Y,N,N,N,N,N,N,N,N,N,3,0,0,2,1,N,N,N,N,N
ODFW,2015,Black RF,Garibaldi,1/8/2015,2014,8,49,8107,8107,3/11/2015,1/18/2023,MH,1,N,Y,Y,Y,Y,N,N,N,N,N,N,N,N,4.1,1,0,55,3,N,N,N,N,N
ODFW,2015,Black RF,Garibaldi,1/8/2015,2014,8,40,8111,8111,3/11/2015,1/18/2023,MH,1,N,Y,Y,Y,Y,N,N,N,N,N,N,N,N,4.1,1,0,20,2,Y,N,N,N,N
ODFW,2015,Black RF,Garibaldi,1/8/2015,2014,8,42,8130,8130,3/11/2015,1/18/2023,MH,1,N,Y,Y,Y,N,N,N,N,Y,Y,N,N,N,8,1,1,0,1,N,N,N,N,N
ODFW,2015,Black RF,Garibaldi,1/8/2015,2014,8,45,8216,8216,3/11/2015,1/18/2023,MH,1,N,Y,Y,Y,N,N,N,N,N,N,N,N,N,3,0,0,10,2,Y,Y,N,N,N
ODFW,2015,Black RF,Garibaldi,1/8/2015,2014,8,40,8223,8223,3/11/2015,1/18/2023,MH,1,N,Y,Y,N,N,N,N,Y,Y,Y,N,N,N,8,1,1,1,1,N,N,N,N,N
ODFW,2015,Black RF,Garibaldi,1/8/2015,2014,8,39,8238,8238,3/16/2015,1/18/2023,MH,1,N,Y,Y,Y,Y,N,N,N,N,N,N,N,N,4.1,1,0,15,2,N,N,N,N,N
ODFW,2015,Black RF,Garibaldi,1/8/2015,2014,8,42,8239,8239,3/16/2015,1/18/2023,MH,1,N,Y,Y,Y,Y,N,N,N,N,N,N,N,N,4.1,1,0,7,2,N,N,N,N,N
ODFW,2015,Black RF,Garibaldi,1/8/2015,2014,8,41,8240,8240,3/16/2015,1/18/2023,MH,1,N,Y,Y,Y,Y,Y,N,N,N,N,N,N,N,4.2,1,0,40,3,N,N,N,N,N
ODFW,2015,Black RF,Garibaldi,11/21/2015,2015,7,40,65,65,9/19/2016,1/10/2023,MH,1,N,Y,Y,Y,Y,N,N,N,N,N,N,N,N,4.1,1,0,20,2,Y,N,N,N,N
ODFW,2015,Black RF,Garibaldi,11/21/2015,2015,7,41,67,67,9/19/2016,1/10/2023,MH,1,N,Y,Y,Y,N,N,Y,Y,Y,N,N,N,N,7,1,1,1,1,N,N,N,N,N
ODFW,2015,Black RF,Garibaldi,11/21/2015,2015,7,43,70,70,9/19/2016,1/10/2023,MH,1,N,Y,Y,Y,Y,Y,Y,Y,Y,N,N,N,N,7,1,1,1,1,N,N,N,N,N
ODFW,2015,Black RF,Garibaldi,11/21/2015,2015,7,37,71,71,9/19/2016,1/10/2023,MH,1,N,Y,Y,Y,Y,N,N,N,N,N,N,N,N,4.1,1,0,30,3,N,N,N,N,N
ODFW,2015,Black RF,Garibaldi,11/21/2015,2015,7,38,245,245,9/19/2016,1/11/2023,MH,1,N,Y,Y,Y,Y,N,N,N,N,N,N,N,N,4.1,1,0,20,2,N,N,N,N,N
ODFW,2015,Black RF,Garibaldi,11/21/2015,2015,7,41,325,325,9/20/2016,1/12/2023,MH,1,N,Y,Y,Y,Y,Y,Y,Y,N,N,N,N,N,6,1,0,55,4,N,N,N,N,N
ODFW,2015,Black RF,Garibaldi,11/21/2015,2015,8,35,61,61,9/19/2016,1/10/2023,MH,1,N,Y,Y,Y,Y,N,N,N,N,N,N,N,N,4.1,1,0,40,3,N,N,N,N,N
ODFW,2015,Black RF,Garibaldi,11/21/2015,2015,8,41,62,62,9/19/2016,1/10/2023,MH,1,N,Y,Y,Y,Y,N,N,N,N,N,N,N,N,4.1,1,0,10,2,Y,N,N,N,N
ODFW,2015,Black RF,Garibaldi,11/21/2015,2015,8,41,68,68,9/19/2016,1/10/2023,MH,1,N,Y,Y,Y,Y,N,N,N,N,N,N,N,N,4.1,1,0,30,3,N,N,N,N,N
ODFW,2015,Black RF,Garibaldi,11/21/2015,2015,9,42,66,66,9/19/2016,1/10/2023,MH,1,N,Y,Y,Y,N,N,Y,Y,Y,N,N,N,N,7,1,1,1,1,N,N,N,N,N
ODFW,2016,Black RF,Garibaldi,3/17/2016,2015,4,34,663,663,9/20/2016,1/13/2023,MH,1,N,Y,Y,Y,N,N,N,N,N,N,N,N,N,3,0,0,7,2,N,N,N,N,N
ODFW,2016,Black RF,Garibaldi,3/17/2016,2015,5,39,78,78,9/19/2016,1/10/2023,MH,1,N,Y,Y,Y,N,N,N,N,N,N,N,N,N,3,0,0,7,2,N,Y,N,N,N
ODFW,2016,Black RF,Garibaldi,3/17/2016,2015,5,33,646,646,9/20/2016,1/13/2023,MH,1,N,Y,Y,Y,Y,N,N,N,N,N,N,N,N,4.1,1,0,20,2,Y,N,N,N,N
ODFW,2016,Black RF,Garibaldi,3/17/2016,2015,5,33,649,649,9/20/2016,1/13/2023,MH,1,N,Y,Y,Y,N,N,N,N,N,N,N,N,N,3,0,0,1,1,N,N,N,N,N
ODFW,2016,Black RF,Garibaldi,3/17/2016,2015,5,34,667,667,9/20/2016,1/13/2023,MH,1,N,Y,Y,Y,Y,N,N,N,N,N,N,N,N,4.1,1,0,7,2,N,Y,N,N,N
ODFW,2016,Black RF,Garibaldi,3/17/2016,2015,5,38,690,690,9/21/2016,1/13/2023,MH,1,N,Y,Y,Y,N,N,N,N,N,N,N,N,N,3,0,0,1,1,N,N,N,N,N
ODFW,2016,Black RF,Garibaldi,3/17/2016,2015,6,40,288,288,9/20/2016,1/11/2023,MH,1,N,Y,Y,Y,Y,N,N,N,N,N,N,N,N,4.1,1,0,20,2,N,N,N,N,N
ODFW,2016,Black RF,Garibaldi,3/17/2016,2015,6,38,337,337,9/20/2016,1/12/2023,MH,1,N,Y,Y,Y,Y,N,N,N,N,N,N,N,N,4.1,1,0,15,2,Y,N,N,N,N
ODFW,2016,Black RF,Garibaldi,3/17/2016,2015,6,41,640,640,9/20/2016,1/13/2023,MH,1,N,Y,Y,Y,Y,N,N,N,N,N,N,N,N,4.1,1,0,7,2,Y,N,N,N,N
ODFW,2016,Black RF,Garibaldi,3/17/2016,2015,6,36,643,643,9/20/2016,1/13/2023,MH,1,N,Y,Y,Y,N,N,N,N,N,N,N,N,N,3,0,0,2,1,N,N,N,N,N
ODFW,2016,Black RF,Garibaldi,3/17/2016,2015,6,43,650,650,9/20/2016,1/13/2023,MH,1,N,Y,Y,Y,Y,N,N,N,N,N,N,N,N,4.1,1,0,15,2,N,N,N,N,N
ODFW,2016,Black RF,Garibaldi,3/17/2016,2015,6,40,661,661,9/20/2016,1/13/2023,MH,1,N,Y,Y,Y,Y,N,N,N,N,N,N,N,N,4.1,1,0,30,3,N,N,N,N,N
ODFW,2016,Black RF,Garibaldi,3/17/2016,2015,6,35,677,677,9/20/2016,1/13/2023,MH,1,N,Y,Y,Y,N,N,N,N,N,N,N,N,N,3,0,0,2,1,N,N,N,N,N
ODFW,2016,Black RF,Garibaldi,3/17/2016,2015,7,37,84,84,9/19/2016,1/11/2023,MH,1,N,Y,Y,Y,N,N,N,N,N,N,N,N,N,3,0,0,1,1,N,N,N,N,N
ODFW,2016,Black RF,Garibaldi,3/17/2016,2015,7,38,470,470,9/20/2016,1/12/2023,MH,1,N,Y,Y,Y,N,N,N,N,N,N,N,N,N,3,0,0,2,1,N,N,N,N,N
ODFW,2016,Black RF,Garibaldi,3/17/2016,2015,7,36,522,522,9/20/2016,1/12/2023,MH,1,N,Y,Y,Y,N,N,N,N,N,N,N,N,N,3,0,0,1,1,N,N,N,N,N
ODFW,2016,Black RF,Garibaldi,3/17/2016,2015,7,41,607,607,10/25/2016,1/13/2023,MH,1,N,Y,Y,Y,Y,N,N,N,N,N,N,N,N,4.1,1,0,15,2,N,Y,N,N,N
ODFW,2016,Black RF,Garibaldi,3/17/2016,2015,7,43,617,617,9/20/2016,1/13/2023,MH,1,N,Y,Y,Y,N,N,N,N,N,N,N,N,Y,11,1,1,20,2,N,N,N,Y,Y
ODFW,2016,Black RF,Garibaldi,3/17/2016,2015,7,39,618,618,9/20/2016,1/13/2023,MH,1,N,Y,Y,Y,N,N,N,N,N,N,N,N,N,3,0,0,2,1,N,N,N,N,N
ODFW,2016,Black RF,Garibaldi,3/17/2016,2015,7,38,626,626,9/20/2016,1/13/2023,MH,1,N,Y,Y,Y,N,N,N,N,N,N,N,N,N,3,0,0,10,2,Y,Y,N,N,N
ODFW,2016,Black RF,Garibaldi,3/17/2016,2015,7,42,636,636,9/20/2016,1/13/2023,MH,1,N,Y,Y,Y,N,N,N,N,N,N,N,N,Y,11,1,1,7,2,N,N,N,Y,Y
ODFW,2016,Black RF,Garibaldi,3/17/2016,2015,7,46,641,641,10/25/2016,1/13/2023,MH,1,N,Y,Y,Y,N,N,N,N,N,N,N,N,Y,11,1,1,7,2,N,N,N,Y,Y
ODFW,2016,Black RF,Garibaldi,3/17/2016,2015,7,39,681,681,9/20/2016,1/13/2023,MH,1,N,Y,Y,Y,Y,N,N,N,N,N,N,N,N,4.1,1,0,7,2,N,N,N,N,N
ODFW,2016,Black RF,Garibaldi,3/17/2016,2015,7,37,693,693,9/21/2016,1/13/2023,MH,1,N,Y,Y,Y,N,N,N,N,N,N,N,N,N,3,0,0,7,2,N,N,N,N,N
ODFW,2016,Black RF,Garibaldi,3/17/2016,2015,7,43,697,697,9/22/2016,1/13/2023,MH,1,N,Y,Y,Y,N,N,N,N,N,N,N,N,Y,11,1,1,10,2,Y,N,N,Y,Y
ODFW,2016,Black RF,Garibaldi,3/17/2016,2015,8,37,77,77,9/19/2016,1/10/2023,MH,1,N,Y,Y,Y,N,N,N,N,N,N,N,N,N,3,0,0,2,1,N,N,N,N,N
ODFW,2016,Black RF,Garibaldi,3/17/2016,2015,8,41,560,560,9/20/2016,1/12/2023,MH,1,N,Y,Y,Y,Y,N,N,N,N,N,N,N,N,4.1,1,0,15,2,Y,N,N,N,N
ODFW,2016,Black RF,Garibaldi,3/17/2016,2015,8,41,620,620,9/20/2016,1/13/2023,MH,1,N,Y,Y,Y,N,N,N,N,N,N,N,N,Y,11,1,1,15,2,N,N,N,Y,Y
ODFW,2016,Black RF,Garibaldi,3/17/2016,2015,8,42,624,624,9/20/2016,1/13/2023,MH,1,N,Y,Y,Y,N,N,N,N,N,N,N,N,Y,11,1,1,20,2,N,N,N,Y,Y
ODFW,2016,Black RF,Garibaldi,3/17/2016,2015,8,40,628,628,9/20/2016,1/13/2023,MH,1,N,Y,Y,Y,N,N,N,N,N,N,N,N,N,3,0,0,2,1,N,N,N,N,N
ODFW,2016,Black RF,Garibaldi,3/17/2016,2015,8,42,632,632,9/20/2016,1/13/2023,MH,1,N,Y,Y,Y,N,N,N,N,N,N,N,N,N,3,0,0,10,2,N,N,N,N,N
ODFW,2016,Black RF,Garibaldi,3/17/2016,2015,8,40,683,683,9/20/2016,1/13/2023,MH,1,N,Y,Y,Y,Y,N,N,N,N,N,N,N,N,4.1,1,0,7,2,Y,N,N,N,N
ODFW,2016,Black RF,Garibaldi,3/17/2016,2015,8,39,685,685,9/20/2016,1/13/2023,MH,1,N,Y,Y,Y,Y,N,N,N,N,N,N,N,N,4.1,1,0,4,1,N,N,N,N,N
ODFW,2016,Black RF,Garibaldi,3/17/2016,2015,8,44,686,686,9/21/2016,1/13/2023,MH,1,N,Y,Y,Y,N,N,N,N,N,N,N,N,Y,11,1,1,10,2,N,N,N,Y,Y
ODFW,2016,Black RF,Garibaldi,3/17/2016,2015,8,35,687,687,9/21/2016,1/13/2023,MH,1,N,Y,Y,Y,Y,N,N,N,N,N,N,N,N,4.1,1,0,10,2,Y,N,N,N,N
ODFW,2016,Black RF,Garibaldi,3/17/2016,2015,8,43,691,691,9/21/2016,1/13/2023,MH,1,N,Y,Y,Y,N,N,N,N,N,N,N,N,Y,11,1,1,10,2,N,N,N,Y,Y
ODFW,2016,Black RF,Garibaldi,3/17/2016,2015,8,40,737,737,10/25/2016,11/30/2022,MH,1,N,Y,Y,Y,Y,N,N,N,N,N,N,N,N,4.1,1,0,10,2,N,N,N,N,N
ODFW,2016,Black RF,Garibaldi,3/17/2016,2015,9,44,284,284,9/20/2016,1/11/2023,MH,1,N,Y,Y,Y,Y,Y,N,N,N,N,N,N,N,4.2,1,0,10,2,Y,N,N,N,N
ODFW,2016,Black RF,Garibaldi,3/17/2016,2015,NA,45,79,79,9/19/2016,1/11/2023,MH,1,N,Y,Y,Y,N,N,N,N,N,N,N,N,Y,11,1,1,15,2,N,N,N,Y,Y
ODFW,2016,Black RF,Garibaldi,3/17/2016,2015,NA,42,669,669,9/20/2016,1/13/2023,MH,1,N,Y,Y,Y,N,N,N,N,N,N,N,N,Y,11,1,1,15,2,N,N,N,Y,Y
ODFW,2016,Black RF,Garibaldi,3/17/2016,2015,NA,40,689,689,9/21/2016,1/13/2023,MH,1,N,Y,Y,Y,Y,N,N,N,N,N,N,N,N,4.1,1,0,20,2,Y,N,N,N,N
ODFW,2016,Black RF,Garibaldi,3/17/2016,2015,NA,41,694,694,9/22/2016,1/13/2023,MH,1,N,Y,Y,Y,Y,N,N,N,N,N,N,N,N,4.1,1,0,30,3,Y,N,N,N,N
ODFW,2016,Black RF,Garibaldi,3/17/2016,2015,NA,36,708,708,9/22/2016,1/13/2023,MH,1,N,Y,Y,Y,N,N,N,N,N,N,N,N,N,3,0,0,2,1,N,N,N,N,N
ODFW,2016,Black RF,Astoria,4/2/2016,2015,5,40,741,741,10/25/2016,11/30/2022,MH,1,N,Y,Y,Y,N,N,N,N,N,N,N,N,N,3,0,0,4,1,N,N,N,N,N
ODFW,2016,Black RF,Astoria,4/2/2016,2015,6,41,81,81,9/19/2016,1/11/2023,MH,1,N,Y,Y,Y,N,N,N,N,N,N,N,N,N,3,0,0,4,1,N,N,N,N,N
ODFW,2016,Black RF,Astoria,4/2/2016,2015,6,38,729,729,10/25/2016,1/13/2023,MH,1,N,Y,Y,Y,Y,N,N,N,N,N,N,N,N,4.1,1,0,7,1,N,N,N,N,N
ODFW,2016,Black RF,Astoria,4/2/2016,2015,7,43,682,682,9/20/2016,1/13/2023,MH,1,N,Y,Y,Y,Y,N,N,N,N,N,N,N,N,4.1,1,0,10,2,N,N,N,N,N
ODFW,2016,Black RF,Astoria,4/2/2016,2015,7,39,705,705,9/22/2016,1/13/2023,MH,1,N,Y,Y,Y,N,N,N,N,N,N,N,N,N,3,0,0,4,1,N,N,N,N,N
ODFW,2016,Black RF,Astoria,4/2/2016,2015,8,46,746,746,10/25/2016,11/30/2022,MH,0,N,Y,Y,Y,Y,N,N,N,N,N,N,N,N,4.1,1,0,7,2,N,N,N,N,N
ODFW,2016,Black RF,Astoria,4/2/2016,2015,8,49,768,768,10/25/2016,11/30/2022,MH,1,N,Y,Y,Y,Y,N,N,N,N,N,N,N,Y,11,1,1,7,2,N,Y,N,Y,Y
ODFW,2016,Black RF,Astoria,4/2/2016,2015,10,40,733,733,10/25/2016,11/30/2022,MH,1,N,Y,Y,Y,N,N,N,N,N,N,N,N,N,3,0,0,2,1,N,N,N,N,N
ODFW,2016,Black RF,Astoria,4/2/2016,2015,10,50,735,735,10/25/2016,11/30/2022,MH,1,N,Y,Y,Y,Y,Y,N,N,N,N,N,N,N,4.2,1,1,7,2,N,N,N,N,N
ODFW,2016,Black RF,Astoria,4/2/2016,2015,11,50,304,304,9/20/2016,1/12/2023,MH,1,N,Y,Y,Y,Y,N,Y,N,N,N,N,N,N,5,1,1,7,2,N,N,N,Y,N
ODFW,2016,Black RF,Astoria,4/2/2016,2015,11,52,744,744,10/25/2016,11/30/2022,MH,1,N,Y,Y,Y,N,N,N,N,N,N,N,N,Y,11,1,1,30,3,Y,Y,N,Y,Y
ODFW,2016,Black RF,Astoria,4/2/2016,2015,NA,45,83,83,9/19/2016,1/11/2023,MH,0,N,Y,Y,Y,N,N,N,N,N,N,N,N,N,3,0,0,4,1,N,N,N,N,N
ODFW,2016,Black RF,Astoria,4/2/2016,2015,NA,56,124,124,9/19/2016,1/11/2023,MH,1,N,Y,Y,Y,N,N,N,N,N,N,N,N,Y,11,1,1,7,2,N,N,N,Y,Y
ODFW,2016,Black RF,Astoria,4/2/2016,2015,NA,46,125,125,9/19/2016,1/11/2023,MH,0,N,Y,Y,Y,Y,N,N,N,N,N,N,N,N,4.1,1,0,2,1,N,N,N,N,N
ODFW,2016,Black RF,Astoria,4/2/2016,2015,NA,41,132,132,9/19/2016,1/11/2023,MH,0,N,Y,Y,Y,N,N,N,N,N,N,N,N,N,3,0,0,1,1,N,N,N,N,N
ODFW,2016,Black RF,Astoria,4/2/2016,2015,NA,44,137,137,9/19/2016,1/11/2023,MH,0,N,Y,Y,Y,N,N,N,N,N,N,N,N,N,3,0,0,1,1,N,N,N,N,N
ODFW,2016,Black RF,Astoria,4/2/2016,2015,NA,43,157,157,9/19/2016,1/11/2023,MH,1,N,Y,Y,Y,Y,N,N,N,N,N,N,N,N,4.1,1,0,30,3,Y,Y,N,N,N
ODFW,2016,Black RF,Astoria,4/2/2016,2015,NA,45,183,183,9/19/2016,1/11/2023,MH,1,N,Y,Y,Y,N,N,N,N,N,N,N,N,N,3,0,0,10,2,Y,N,N,N,N
ODFW,2016,Black RF,Astoria,4/2/2016,2015,NA,49,199,199,9/19/2016,1/11/2023,MH,1,N,Y,Y,Y,N,N,N,N,N,N,N,N,Y,11,1,1,10,2,N,N,N,Y,Y
ODFW,2016,Black RF,Astoria,4/2/2016,2015,NA,52,221,221,9/19/2016,1/11/2023,MH,1,N,Y,Y,Y,Y,N,N,N,N,N,N,N,Y,11,1,1,10,2,N,Y,N,Y,Y
ODFW,2016,Black RF,Astoria,4/2/2016,2015,NA,44,466,466,9/20/2016,1/12/2023,MH,1,N,Y,Y,Y,N,N,N,N,N,N,N,N,N,3,0,0,2,1,N,N,N,N,N
ODFW,2016,Black RF,Astoria,4/2/2016,2015,NA,51,475,475,9/20/2016,1/12/2023,MH,0,N,Y,Y,Y,N,N,N,N,N,N,N,N,Y,11,1,1,30,3,Y,N,N,Y,Y
ODFW,2016,Black RF,Astoria,4/2/2016,2015,NA,55,692,692,9/21/2016,1/13/2023,MH,1,N,Y,Y,Y,N,N,N,N,N,N,N,N,N,3,1,0,80,5,N,N,N,N,N
ODFW,2016,Black RF,Astoria,4/2/2016,2015,NA,47,706,706,9/22/2016,1/13/2023,MH,0,N,Y,Y,Y,Y,N,N,N,N,N,N,N,N,4.1,1,0,4,1,N,N,N,N,N
ODFW,2016,Black RF,Astoria,4/2/2016,2015,NA,47,721,721,9/22/2016,1/13/2023,MH,0,N,Y,Y,Y,N,N,N,N,N,N,N,N,Y,11,1,1,2,1,N,N,N,Y,Y
ODFW,2016,Black RF,Astoria,4/2/2016,2015,NA,48,723,723,10/25/2016,1/13/2023,MH,0,N,Y,Y,Y,Y,N,N,N,N,N,N,N,Y,11,1,1,1,1,N,N,N,Y,Y
ODFW,2016,Black RF,Astoria,4/2/2016,2015,NA,52,725,725,10/25/2016,1/13/2023,MH,1,N,Y,Y,Y,N,N,N,N,N,N,N,N,Y,11,1,1,20,2,N,N,N,Y,Y
ODFW,2016,Black RF,Astoria,4/2/2016,2015,NA,50,731,731,10/25/2016,11/30/2022,MH,0,N,Y,Y,Y,Y,N,N,N,N,N,N,N,N,4.1,1,0,2,1,N,N,N,N,N
ODFW,2016,Black RF,Garibaldi,9/30/2016,2016,7,44,1100,1100,3/13/2018,12/30/2022,MH,1,N,Y,Y,Y,Y,N,Y,Y,N,N,N,N,N,6,1,1,1,1,N,N,N,N,N
ODFW,2016,Black RF,Garibaldi,9/30/2016,2016,8,41,1087,1087,3/13/2018,12/30/2022,MH,1,N,Y,Y,Y,Y,Y,Y,N,N,N,N,N,N,5,1,1,1,1,N,N,N,N,N
ODFW,2016,Black RF,Garibaldi,9/30/2016,2016,8,43,1104,1104,3/13/2018,12/30/2022,MH,1,N,Y,Y,Y,Y,Y,Y,N,N,N,N,N,N,5,1,1,1,1,N,N,N,N,N
ODFW,2016,Black RF,Garibaldi,9/30/2016,2016,9,45,1091,1091,3/13/2018,12/30/2022,MH,1,N,Y,Y,Y,Y,Y,Y,N,N,N,N,N,N,5,1,1,1,1,N,N,N,N,N
ODFW,2016,Black RF,Garibaldi,10/10/2016,2016,5,30,1102,1102,3/13/2018,12/30/2022,MH,1,N,Y,Y,Y,N,N,N,N,N,N,N,N,N,3,0,0,0,1,N,N,N,N,N
ODFW,2016,Black RF,Garibaldi,10/10/2016,2016,5,34,1106,1106,3/13/2018,12/30/2022,MH,1,N,Y,Y,Y,Y,N,N,N,N,N,N,N,N,4.1,1,0,1,1,Y,N,N,N,N
ODFW,2016,Black RF,Garibaldi,10/10/2016,2016,6,36,1098,1098,3/13/2018,12/30/2022,MH,1,N,Y,Y,Y,Y,N,N,N,N,N,N,N,N,4.1,1,0,10,2,N,N,N,N,N
ODFW,2016,Black RF,Garibaldi,10/10/2016,2016,6,35,1122,1122,3/13/2018,1/3/2023,MH,1,N,Y,Y,Y,Y,N,N,N,N,N,N,N,N,4.1,1,0,5,2,N,N,N,N,N
ODFW,2016,Black RF,Garibaldi,10/10/2016,2016,8,41,1126,1126,3/13/2018,1/3/2023,MH,1,N,Y,Y,Y,N,N,Y,Y,N,N,N,N,N,6,1,1,1,1,N,N,N,N,N
ODFW,2016,Black RF,Garibaldi,10/10/2016,2016,10,42,1110,1110,3/13/2018,1/3/2023,MH,1,N,Y,Y,Y,Y,Y,N,N,N,N,N,N,N,4.2,1,1,1,1,N,N,N,N,N
ODFW,2016,Black RF,Garibaldi,10/10/2016,2016,11,43,1114,1114,3/13/2018,1/3/2023,MH,1,N,Y,Y,Y,Y,Y,Y,Y,N,N,N,N,N,6,1,1,1,1,N,N,N,N,N
ODFW,2016,Black RF,Garibaldi,10/11/2016,2016,5,32,1094,1094,3/13/2018,12/30/2022,MH,1,N,Y,Y,Y,Y,N,N,N,N,N,N,N,N,4.1,1,0,2,1,N,N,N,N,N
ODFW,2016,Black RF,Garibaldi,10/11/2016,2016,7,38,1105,1105,3/13/2018,12/30/2022,MH,1,N,Y,Y,Y,Y,N,N,N,N,N,N,N,N,4.1,1,0,2,1,N,Y,N,N,N
ODFW,2016,Black RF,Garibaldi,10/11/2016,2016,7,38,1121,1121,3/13/2018,1/3/2023,MH,1,N,Y,Y,Y,N,N,N,N,N,N,N,N,N,3,0,0,1,1,N,N,N,N,N
ODFW,2016,Black RF,Garibaldi,10/11/2016,2016,7,38,1125,1125,3/13/2018,1/3/2023,MH,1,N,Y,Y,Y,Y,Y,Y,N,N,N,N,N,N,5,1,1,1,1,N,N,N,N,N
ODFW,2016,Black RF,Garibaldi,10/11/2016,2016,8,41,1117,1117,3/13/2018,1/3/2023,MH,1,N,Y,Y,Y,Y,Y,Y,N,N,N,N,N,N,5,1,1,1,1,N,N,N,N,N
ODFW,2016,Black RF,Garibaldi,10/11/2016,2016,9,45,1101,1101,3/13/2018,12/30/2022,MH,1,N,Y,Y,Y,Y,Y,Y,N,N,N,N,N,N,5,1,1,1,1,N,N,N,N,N
ODFW,2016,Black RF,Garibaldi,10/11/2016,2016,10,43,1109,1109,3/13/2018,12/30/2022,MH,1,N,Y,Y,Y,Y,Y,N,N,N,N,N,N,N,4.2,1,1,1,1,N,N,N,N,N
ODFW,2016,Black RF,Garibaldi,10/11/2016,2016,10,44,1129,1129,3/13/2018,1/3/2023,MH,1,N,Y,Y,Y,Y,Y,Y,N,N,N,N,N,N,5,1,1,2,1,N,N,N,N,N
ODFW,2016,Black RF,Port Orford,11/21/2016,2016,8,38,1077,1077,3/13/2018,12/30/2022,MH,1,N,Y,Y,Y,Y,Y,Y,N,N,N,N,N,N,5,1,0,80,5,N,N,N,N,N
ODFW,2016,Black RF,Port Orford,11/21/2016,2016,8,45,1081,1081,3/13/2018,12/30/2022,MH,1,N,Y,Y,Y,N,N,Y,Y,Y,N,N,N,N,7,1,1,0,1,N,N,N,N,N
ODFW,2016,Black RF,Port Orford,11/21/2016,2016,10,44,803,803,3/12/2018,12/30/2022,MH,1,N,Y,Y,Y,N,N,Y,Y,Y,N,N,N,N,7,1,1,1,1,N,N,N,N,N
ODFW,2016,Black RF,Port Orford,12/1/2016,2016,6,34,801,801,3/12/2018,12/30/2022,MH,1,N,Y,Y,Y,N,N,N,N,N,N,N,N,N,3,0,0,4,1,N,N,N,N,N
ODFW,2016,Black RF,Port Orford,12/1/2016,2016,8,43,825,825,3/12/2018,12/30/2022,MH,1,N,Y,Y,Y,N,N,N,Y,Y,Y,N,N,N,8,1,1,2,1,N,N,N,N,N
ODFW,2016,Black RF,Port Orford,12/7/2016,2016,5,33,796,796,3/12/2018,12/30/2022,MH,1,N,Y,Y,Y,Y,N,N,N,N,N,N,N,N,4.1,1,0,4,1,N,N,N,N,N
ODFW,2016,Black RF,Port Orford,12/7/2016,2016,5,34,836,836,3/12/2018,12/30/2022,MH,1,N,Y,Y,Y,Y,N,N,N,N,N,N,N,N,4.1,1,0,5,2,N,N,N,N,N
ODFW,2016,Black RF,Port Orford,12/7/2016,2016,6,39,831,831,3/12/2018,12/30/2022,MH,1,N,Y,Y,Y,Y,N,N,N,N,N,N,N,N,4.1,1,0,75,4,N,N,N,N,N
ODFW,2016,Black RF,Port Orford,12/7/2016,2016,7,39,799,799,3/12/2018,12/30/2022,MH,1,N,Y,Y,Y,N,N,N,Y,Y,Y,N,N,N,8,1,1,2,1,N,N,N,N,N
ODFW,2016,Black RF,Port Orford,12/7/2016,2016,7,38,800,800,3/12/2018,12/30/2022,MH,1,N,Y,Y,Y,Y,N,N,N,N,N,N,N,N,4.1,1,0,75,5,N,N,N,N,N
ODFW,2016,Black RF,Port Orford,12/7/2016,2016,7,40,822,822,3/12/2018,12/30/2022,MH,1,N,Y,Y,Y,Y,N,N,N,N,N,N,N,N,4.1,1,0,5,2,N,N,N,N,N
ODFW,2016,Black RF,Port Orford,12/7/2016,2016,8,40,819,819,3/12/2018,12/30/2022,MH,1,N,Y,Y,Y,N,N,Y,Y,N,N,N,N,N,6,1,1,1,1,N,N,N,N,N
ODFW,2016,Black RF,Port Orford,12/7/2016,2016,8,45,826,826,3/12/2018,12/30/2022,MH,1,N,Y,Y,Y,N,N,Y,Y,Y,N,N,N,N,7,1,1,1,1,N,N,N,N,N
ODFW,2016,Black RF,Port Orford,12/7/2016,2016,8,40,835,835,3/12/2018,12/30/2022,MH,1,N,Y,Y,Y,Y,N,N,N,N,N,N,N,N,4.1,1,0,40,3,N,N,N,N,N
ODFW,2016,Black RF,Port Orford,12/7/2016,2016,9,40,823,823,3/12/2018,12/30/2022,MH,1,N,Y,Y,Y,Y,N,N,N,N,N,N,N,N,4.1,1,0,15,2,N,N,N,N,N
ODFW,2016,Black RF,Port Orford,12/7/2016,2016,10,42,815,815,3/12/2018,12/30/2022,MH,1,N,Y,Y,Y,N,N,N,Y,Y,N,N,N,N,7,1,1,2,1,N,N,N,N,N
ODFW,2016,Black RF,Port Orford,12/7/2016,2016,12,46,827,827,3/12/2018,12/30/2022,MH,1,N,Y,Y,Y,N,N,N,Y,Y,N,N,N,N,7,1,1,2,1,N,N,N,N,N
ODFW,2016,Black RF,Port Orford,12/7/2016,2016,14,46,818,818,3/12/2018,12/30/2022,MH,1,N,Y,Y,Y,N,N,N,Y,Y,Y,N,N,N,8,1,1,4,1,N,N,N,N,N
ODFW,2016,Black RF,Port Orford,12/7/2016,2016,NA,42,795,795,3/12/2018,12/30/2022,MH,1,N,Y,Y,N,N,N,Y,Y,Y,N,N,N,N,7,1,1,2,1,N,N,N,N,N
ODFW,2016,Black RF,Port Orford,12/7/2016,2016,NA,37,830,830,3/12/2018,12/30/2022,MH,1,N,Y,Y,Y,Y,N,N,N,N,N,N,N,N,4.1,1,0,30,3,N,N,N,N,N
ODFW,2016,Black RF,Port Orford,12/7/2016,2016,NA,47,853,853,3/12/2018,12/30/2022,MH,1,N,Y,Y,Y,N,N,N,N,N,N,N,N,N,3,1,0,75,5,Y,Y,N,N,N
ODFW,2017,Black RF,Brookings,1/4/2017,2016,6,34,1049,1049,3/13/2018,12/30/2022,MH,1,N,Y,Y,Y,Y,N,N,N,N,N,N,N,N,4.1,1,0,4,1,N,N,N,N,N
ODFW,2017,Black RF,Brookings,1/4/2017,2016,6,41,1057,1057,3/13/2018,12/30/2022,MH,1,N,Y,Y,Y,Y,N,Y,N,N,N,N,N,N,5,1,0,50,4,N,N,N,N,N
ODFW,2017,Black RF,Brookings,1/4/2017,2016,7,41,809,809,3/12/2018,12/30/2022,MH,1,N,Y,Y,Y,N,N,N,Y,Y,N,N,N,N,7,1,1,1,1,N,N,N,N,N
ODFW,2017,Black RF,Brookings,1/4/2017,2016,7,39,1074,1074,3/13/2018,12/30/2022,MH,1,N,Y,Y,Y,Y,Y,Y,N,N,N,N,N,N,5,1,0,70,4,N,N,N,N,N
ODFW,2017,Black RF,Brookings,1/4/2017,2016,8,41,839,839,3/12/2018,12/30/2022,MH,1,N,Y,Y,Y,N,N,N,Y,Y,N,N,N,N,7,1,1,1,1,N,N,N,N,N
ODFW,2017,Black RF,Brookings,1/4/2017,2016,8,41,1061,1061,3/13/2018,12/30/2022,MH,1,N,Y,Y,N,N,N,N,Y,Y,N,N,N,N,7,1,1,1,1,N,N,N,N,N
ODFW,2017,Black RF,Brookings,1/4/2017,2016,9,42,1045,1045,3/13/2018,12/30/2022,MH,1,N,Y,Y,Y,N,N,N,Y,Y,N,N,N,N,7,1,1,1,1,N,N,N,N,N
ODFW,2017,Black RF,Brookings,1/4/2017,2016,12,45,1053,1053,3/13/2018,12/30/2022,MH,1,N,Y,Y,N,N,N,N,Y,Y,N,N,N,N,7,1,1,1,1,N,N,N,N,N
ODFW,2017,Black RF,Port Orford,1/13/2017,2016,5,32,1222,1222,3/13/2018,1/3/2023,MH,1,N,Y,Y,Y,Y,N,N,N,N,N,N,N,N,4.1,1,0,10,2,N,N,N,N,N
ODFW,2017,Black RF,Port Orford,1/13/2017,2016,5,33,1251,1251,3/13/2018,1/3/2023,MH,1,N,Y,Y,Y,Y,N,N,N,N,N,N,N,N,4.1,1,0,5,2,N,N,N,N,N
ODFW,2017,Black RF,Port Orford,1/13/2017,2016,6,34,1254,1254,3/13/2018,1/3/2023,MH,1,N,Y,Y,Y,Y,N,N,N,N,N,N,N,N,4.1,1,0,5,2,Y,N,N,N,N
ODFW,2017,Black RF,Port Orford,1/13/2017,2016,6,33,1257,1257,3/13/2018,1/3/2023,MH,1,N,Y,Y,Y,Y,N,N,N,N,N,N,N,N,4.1,1,0,5,2,N,N,N,N,N
ODFW,2017,Black RF,Port Orford,1/13/2017,2016,8,38,1226,1226,3/13/2018,1/3/2023,MH,1,N,Y,Y,Y,N,N,N,Y,Y,Y,N,N,N,8,1,1,1,1,N,N,N,N,N
ODFW,2017,Black RF,Port Orford,1/13/2017,2016,8,41,1255,1255,3/13/2018,1/3/2023,MH,1,N,Y,Y,Y,N,Y,Y,Y,Y,N,N,N,N,7,1,1,4,1,N,N,N,N,N
ODFW,2017,Black RF,Port Orford,1/13/2017,2016,11,45,1242,1242,3/13/2018,1/3/2023,MH,1,N,Y,Y,Y,N,N,N,Y,Y,Y,N,N,N,8,1,1,1,1,N,N,N,N,N
ODFW,2017,Black RF,Port Orford,1/30/2017,2016,5,33,816,816,3/12/2018,12/30/2022,MH,1,N,Y,Y,Y,Y,N,N,N,N,N,N,N,N,4.1,1,0,5,2,Y,Y,N,N,N
ODFW,2017,Black RF,Port Orford,1/30/2017,2016,5,33,837,837,3/12/2018,12/30/2022,MH,1,N,Y,Y,Y,N,N,N,N,N,N,N,N,N,3,0,0,2,1,N,N,N,N,N
ODFW,2017,Black RF,Port Orford,1/30/2017,2016,5,32,842,842,3/12/2018,12/30/2022,MH,1,N,Y,Y,Y,N,N,N,N,N,N,N,N,N,3,0,0,2,1,N,N,N,N,N
ODFW,2017,Black RF,Port Orford,1/30/2017,2016,5,33,1047,1047,3/13/2018,12/30/2022,MH,1,N,Y,Y,Y,N,N,N,N,N,N,N,N,N,3,0,0,2,1,N,N,N,N,N
ODFW,2017,Black RF,Port Orford,1/30/2017,2016,6,35,1060,1060,3/13/2018,12/30/2022,MH,1,N,Y,Y,Y,N,N,N,N,N,N,N,N,N,3,0,0,1,1,N,N,N,N,N
ODFW,2017,Black RF,Port Orford,1/30/2017,2016,7,34,838,838,3/12/2018,12/30/2022,MH,1,N,Y,Y,Y,Y,N,N,N,N,N,N,N,N,4.1,1,0,4,1,N,N,N,N,N
ODFW,2017,Black RF,Port Orford,1/30/2017,2016,7,37,841,841,3/12/2018,12/30/2022,MH,1,N,Y,Y,Y,Y,N,N,N,N,N,N,N,N,4.1,1,0,30,3,N,N,N,N,N
ODFW,2017,Black RF,Port Orford,1/30/2017,2016,7,38,865,865,3/13/2018,12/30/2022,MH,1,N,Y,Y,Y,Y,N,N,N,N,N,N,N,N,4.1,1,0,40,3,N,N,N,N,N
ODFW,2017,Black RF,Port Orford,1/30/2017,2016,7,38,873,873,3/13/2018,12/30/2022,MH,1,N,Y,Y,Y,N,N,N,N,N,N,N,N,N,3,0,0,5,2,N,N,N,N,N
ODFW,2017,Black RF,Port Orford,1/30/2017,2016,7,36,1056,1056,3/13/2018,12/30/2022,MH,1,N,Y,Y,Y,Y,N,N,N,N,N,N,N,N,4.1,1,0,10,2,N,N,N,N,N
ODFW,2017,Black RF,Port Orford,1/30/2017,2016,7,35,1080,1080,3/13/2018,12/30/2022,MH,1,N,Y,Y,Y,Y,N,N,N,N,N,N,N,N,4.1,1,0,7,2,N,N,N,N,N
ODFW,2017,Black RF,Port Orford,1/30/2017,2016,7,36,1084,1084,3/13/2018,12/30/2022,MH,1,N,Y,Y,Y,Y,N,N,N,N,N,N,N,N,4.1,1,0,7,2,N,N,N,N,N
ODFW,2017,Black RF,Port Orford,1/30/2017,2016,8,37,845,845,3/12/2018,12/30/2022,MH,1,N,Y,Y,N,N,N,N,Y,Y,N,N,N,N,7,1,1,1,1,N,N,N,N,N
ODFW,2017,Black RF,Port Orford,1/30/2017,2016,8,41,857,857,3/12/2018,12/30/2022,MH,1,N,Y,Y,Y,N,N,N,N,N,N,N,N,N,3,0,0,1,1,N,N,N,N,N
ODFW,2017,Black RF,Port Orford,1/30/2017,2016,8,39,877,877,3/13/2018,12/30/2022,MH,1,N,Y,Y,Y,Y,N,N,N,N,N,N,N,N,4.1,1,0,20,2,N,N,N,N,N
ODFW,2017,Black RF,Port Orford,1/30/2017,2016,8,39,1064,1064,3/13/2018,12/30/2022,MH,1,N,Y,Y,Y,Y,N,N,N,N,N,N,N,N,4.1,1,0,5,2,N,N,N,N,N
ODFW,2017,Black RF,Port Orford,1/30/2017,2016,8,40,1079,1079,3/13/2018,12/30/2022,MH,1,N,Y,Y,Y,Y,N,N,N,N,N,N,N,N,4.1,1,0,2,1,N,N,N,N,N
ODFW,2017,Black RF,Port Orford,1/30/2017,2016,9,40,861,861,3/12/2018,12/30/2022,MH,1,N,Y,Y,Y,Y,N,N,N,N,N,N,N,N,4.1,1,0,15,2,N,N,N,N,N
ODFW,2017,Black RF,Port Orford,1/30/2017,2016,9,38,1076,1076,3/13/2018,12/30/2022,MH,1,N,Y,Y,Y,Y,N,N,N,N,N,N,N,N,4.1,1,0,7,2,Y,Y,N,N,N
ODFW,2017,Black RF,Port Orford,1/30/2017,2016,NA,43,834,834,3/12/2018,12/30/2022,MH,1,N,Y,Y,Y,N, N,N,N,N,N,N,N,N,3,0,0,50,3,N,N,N,N,N
ODFW,2017,Black RF,Port Orford,2/13/2017,2016,4,27,1221,1221,3/13/2018,1/3/2023,MH,1,N,Y,Y,Y,N,N,N,N,N,N,N,N,N,3,0,0,0,1,N,N,N,N,N
ODFW,2017,Black RF,Port Orford,2/13/2017,2016,8,41,808,808,3/12/2018,12/30/2022,MH,1,N,Y,Y,Y,Y,N,N,N,N,N,N,N,N,4.1,1,0,20,2,N,N,N,N,N
ODFW,2017,Black RF,Port Orford,2/23/2017,2016,7,46,1223,1223,3/13/2018,1/3/2023,MH,1,N,Y,Y,Y,N,N,N,N,N,N,N,N,Y,11,1,1,5,2,N,N,N,Y,Y
ODFW,2019,Black RF,Garibaldi,11/5/2019,2019,5,34,2589,2589,11/1/2022,1/6/2023,MH,1,N,Y,Y,Y,N,N,N,N,N,N,N,N,N,3,0,0,7,2,N,N,N,N,N
ODFW,2019,Black RF,Garibaldi,11/5/2019,2019,5,31,2839,2839,11/1/2022,1/6/2023,MH,1,N,Y,Y,Y,N,N,N,N,N,N,N,N,N,3,0,0,4,1,N,N,N,N,N
ODFW,2019,Black RF,Garibaldi,11/6/2019,2019,5,33,2705,2705,11/1/2022,1/6/2023,MH,1,N,Y,Y,Y,N,N,N,N,N,N,N,N,N,3,0,0,2,1,N,N,N,N,N
ODFW,2019,Black RF,Garibaldi,11/6/2019,2019,5,36,2708,2708,11/1/2022,1/6/2023,MH,1,N,Y,Y,Y,Y,N,N,N,N,N,N,N,N,4.1,1,0,2,1,N,N,N,N,N
ODFW,2019,Black RF,Garibaldi,11/6/2019,2019,6,38,2565,2565,11/1/2022,1/6/2023,MH,1,N,Y,Y,Y,Y,N,N,N,N,N,N,N,N,4.1,1,0,2,1,N,N,N,N,N
ODFW,2019,Black RF,Garibaldi,11/6/2019,2019,6,38,2581,2581,11/1/2022,1/6/2023,MH,1,N,Y,Y,Y,N,N,Y,Y,N,N,N,N,N,6,1,1,1,1,N,N,N,N,N
ODFW,2019,Black RF,Garibaldi,11/6/2019,2019,6,35,2701,2701,11/1/2022,1/6/2023,MH,1,N,Y,Y,Y,N,N,Y,Y,N,N,N,N,N,6,1,1,1,1,N,N,N,N,N
ODFW,2019,Black RF,Garibaldi,11/6/2019,2019,7,36,2545,2545,11/1/2022,1/6/2023,MH,1,N,Y,Y,Y,Y,N,N,N,N,N,N,N,N,4.1,1,0,2,1,N,N,N,N,N
ODFW,2019,Black RF,Garibaldi,11/6/2019,2019,8,40,2556,2556,11/1/2022,1/6/2023,MH,1,N,Y,Y,N,N,Y,Y,Y,Y,N,N,N,N,7,1,1,1,1,N,N,N,N,N
ODFW,2019,Black RF,Garibaldi,11/6/2019,2019,8,37,2566,2566,11/1/2022,1/6/2023,MH,1,N,Y,Y,Y,Y,Y,Y,N,N,N,N,N,N,5,1,1,6,2,N,N,N,N,N
ODFW,2019,Black RF,Garibaldi,11/6/2019,2019,8,40,2696,2696,11/1/2022,1/6/2023,MH,1,N,Y,Y,Y,N,N,Y,Y,Y,N,N,N,N,7,1,1,1,1,N,N,N,N,N
ODFW,2019,Black RF,Garibaldi,11/6/2019,2019,9,40,2697,2697,11/1/2022,1/6/2023,MH,1,N,Y,Y,Y,Y,N,Y,Y,Y,N,N,N,N,7,1,1,1,1,N,N,N,N,N
ODFW,2019,Black RF,Garibaldi,11/7/2019,2019,5,34,2770,2770,11/1/2022,1/6/2023,MH,1,N,Y,Y,Y,N,N,N,N,N,N,N,N,N,3,0,0,2,1,N,N,N,N,N
ODFW,2019,Black RF,Garibaldi,11/7/2019,2019,8,43,2909,2909,11/1/2022,1/6/2023,MH,1,N,Y,Y,N,N,N,Y,Y,Y,N,N,N,N,7,1,1,1,1,N,N,N,N,N
ODFW,2019,Black RF,Garibaldi,11/7/2019,2019,8,42,2956,2956,11/1/2022,1/6/2023,MH,1,N,Y,Y,Y,N,N,Y,Y,N,N,N,N,N,6,1,1,1,1,N,N,N,N,N
ODFW,2019,Black RF,Garibaldi,11/7/2019,2019,9,41,2862,2862,11/1/2022,1/6/2023,MH,1,N,Y,Y,Y,N,N,Y,Y,Y,N,N,N,N,7,1,1,2,1,N,N,N,N,N
ODFW,2019,Black RF,Garibaldi,11/7/2019,2019,10,43,2870,2870,11/1/2022,1/6/2023,MH,1,N,Y,Y,Y,N,N,Y,Y,Y,N,N,N,N,7,1,1,1,1,N,N,N,N,N
ODFW,2019,Black RF,Garibaldi,11/7/2019,2019,18,50,2734,2734,11/1/2022,1/6/2023,MH,1,N,Y,Y,Y,N,N,N,N,N,N,N,N,N,3,0,0,2,1,N,N,N,N,N
ODFW,2020,Black RF,Garibaldi,2/13/2020,2019,6,40,3094,3094,11/1/2022,1/6/2023,MH,1,N,Y,Y,Y,N,N,N,N,N,N,N,N,N,3,0,0,7,2,N,N,N,N,N
ODFW,2020,Black RF,Garibaldi,2/13/2020,2019,8,41,3098,3098,11/1/2022,1/6/2023,MH,1,N,Y,Y,Y,Y,N,N,N,N,N,N,N,N,4.1,1,0,20,2,N,N,N,N,N
ODFW,2020,Black RF,Garibaldi,2/20/2020,2019,6,41,2544,2544,11/1/2022,1/6/2023,MH,1,N,Y,Y,Y,Y,N,N,N,N,N,N,N,N,4.1,1,0,55,4,N,N,N,N,N
ODFW,2020,Black RF,Garibaldi,2/20/2020,2019,7,36,2579,2579,11/1/2022,1/6/2023,MH,1,N,Y,Y,Y,Y,N,N,N,N,N,N,N,N,4.1,1,0,55,4,N,N,N,N,N
ODFW,2020,Black RF,Garibaldi,2/20/2020,2019,7,34,2704,2704,11/1/2022,1/6/2023,MH,1,N,Y,Y,Y,N,N,N,N,N,N,N,N,N,3,0,0,2,1,Y,Y,N,N,N
ODFW,2020,Black RF,Garibaldi,2/20/2020,2019,7,35,2712,2712,11/1/2002,1/6/2023,MH,1,N,Y,Y,Y,N,N,N,N,N,N,N,N,N,3,0,0,7,2,N,N,N,N,N
ODFW,2020,Black RF,Garibaldi,2/20/2020,2019,7,37,2724,2724,11/1/2022,1/6/2023,MH,1,N,Y,Y,Y,N,N,N,N,N,N,N,N,N,3,0,0,1,1,N,N,N,N,N
ODFW,2020,Black RF,Garibaldi,2/20/2020,2019,8,38,2675,2675,11/1/2022,1/6/2023,MH,1,N,Y,Y,Y,N,N,N,N,N,N,N,N,N,3,0,0,10,2,Y,N,N,N,N
ODFW,2020,Black RF,Garibaldi,2/20/2020,2019,9,42,2694,2694,11/1/2022,1/6/2023,MH,1,N,Y,Y,Y,N,N,N,N,N,N,N,N,N,3,0,0,4,1,N,N,N,N,N
ODFW,2020,Black RF,Garibaldi,2/20/2020,2019,10,40,2714,2714,11/1/2022,1/6/2023,MH,1,N,Y,Y,Y,Y,N,N,N,N,N,N,N,N,4.1,1,0,20,2,N,N,N,N,N
ODFW,2020,Black RF,Garibaldi,2/20/2020,2019,10,42,2716,2716,11/1/2022,1/6/2023,MH,1,N,Y,Y,Y,N,N,N,N,N,N,N,N,Y,11,1,1,15,2,N,N,N,Y,Y
ODFW,2020,Black RF,Garibaldi,2/20/2020,2019,12,44,2700,2700,11/1/2022,1/6/2023,MH,1,N,Y,Y,Y,N,N,N,N,N,N,N,N,Y,11,1,1,10,2,N,N,N,Y,Y
ODFW,2020,Black RF,Garibaldi,3/10/2020,2019,7,40,2997,2997,11/1/2022,1/6/2023,MH,1,N,Y,Y,Y,N,N,N,N,N,N,N,N,Y,11,1,1,20,2,N,N,N,Y,Y
ODFW,2020,Black RF,Garibaldi,3/10/2020,2019,7,36,3015,3015,11/1/2022,1/6/2023,MH,1,N,Y,Y,Y,Y,N,N,N,N,N,N,N,N,4.1,1,0,20,2,N,N,N,N,N
ODFW,2020,Black RF,Garibaldi,3/10/2020,2019,8,42,2987,2987,11/1/2022,1/6/2023,MH,1,N,Y,Y,Y,N,N,N,N,N,N,N,N,Y,11,1,1,20,2,N,N,N,Y,Y
ODFW,2020,Black RF,Garibaldi,3/10/2020,2019,8,40,2992,2992,11/1/2022,1/6/2023,MH,1,N,Y,Y,Y,Y,N,N,N,N,N,N,N,N,4.1,1,0,10,2,N,N,N,N,N
ODFW,2020,Black RF,Garibaldi,3/10/2020,2019,8,42,3091,3091,11/1/2022,1/6/2023,MH,0,N,Y,Y,Y,N,N,N,N,N,N,N,N,Y,11,1,1,5,2,N,N,N,Y,Y
ODFW,2020,Black RF,Garibaldi,3/10/2020,2019,9,41,2986,2986,11/1/2022,1/6/2023,MH,1,N,Y,Y,Y,N,N,N,N,N,N,N,N,N,3,0,0,1,1,N,N,N,N,N
ODFW,2020,Black RF,Garibaldi,3/10/2020,2019,9,40,3001,3001,11/1/2022,1/6/2023,MH,1,N,Y,Y,Y,N,N,N,N,N,N,N,N,Y,11,1,1,7,2,N,N,N,Y,Y
ODFW,2020,Black RF,Garibaldi,3/10/2020,2019,10,39,3011,3011,11/1/2022,1/6/2023,MH,1,N,Y,Y,Y,N,N,N,N,N,N,N,N,Y,11,1,1,10,2,N,N,N,Y,Y
ODFW,2020,Black RF,Garibaldi,3/10/2020,2019,11,41,2988,2988,11/1/2022,1/6/2023,MH,1,N,Y,Y,Y,N,N,N,N,N,N,N,N,Y,11,1,1,15,2,N,N,N,Y,Y
ODFW,2020,Black RF,Garibaldi,3/19/2020,2019,6,34,2561,2561,11/1/2022,1/6/2023,MH,1,N,Y,Y,Y,Y,N,N,N,N,N,N,N,N,4.1,1,0,10,2,N,N,N,N,N
ODFW,2020,Black RF,Garibaldi,3/19/2020,2019,6,35,2901,2901,11/22/2022,1/6/2023,MH,1,N,Y,Y,Y,N,N,N,N,N,N,N,N,N,3,0,0,10,2,Y,N,N,N,N
ODFW,2020,Black RF,Garibaldi,3/19/2020,2019,6,34,2934,2934,11/1/2022,1/6/2023,MH,1,N,Y,Y,Y,N,N,N,N,N,N,N,N,N,3,0,0,1,1,N,N,N,N,N
ODFW,2020,Black RF,Garibaldi,3/19/2020,2019,7,38,2845,2845,11/1/2022,1/6/2023,MH,1,N,Y,Y,Y,Y,N,N,N,N,N,N,N,N,4.1,1,0,40,3,N,N,N,N,N
ODFW,2020,Black RF,Garibaldi,3/19/2020,2019,7,40,3068,3068,11/1/2022,1/6/2023,MH,1,N,Y,Y,Y,Y,N,N,N,N,N,N,N,N,4.1,1,0,10,2,N,N,N,N,N
ODFW,2020,Black RF,Garibaldi,3/19/2020,2019,8,43,2552,2552,11/1/2022,1/6/2023,MH,1,N,Y,Y,Y,N,N,N,N,N,N,N,N,Y,11,1,1,20,2,N,N,N,Y,Y
ODFW,2020,Black RF,Garibaldi,3/19/2020,2019,8,42,2913,2913,11/1/2022,1/6/2023,MH,1,N,Y,Y,Y,N,N,N,N,N,N,N,N,N,3,0,0,7,2,Y,N,N,N,N
ODFW,2020,Black RF,Garibaldi,3/19/2020,2019,8,38,3088,3088,11/1/2022,1/6/2023,MH,1,N,Y,Y,Y,N,N,N,N,N,N,N,N,N,3,0,0,2,1,N,N,N,N,N
ODFW,2020,Black RF,Garibaldi,3/19/2020,2019,9,42,2553,2553,11/1/2022,1/6/2023,MH,1,N,Y,Y,Y,N,N,N,N,N,N,N,N,Y,11,1,1,20,2,N,N,N,Y,Y
ODFW,2020,Black RF,Garibaldi,3/19/2020,2019,9,42,2893,2893,11/1/2022,1/6/2023,MH,1,N,Y,Y,Y,N,N,N,N,N,N,N,N,Y,11,1,1,20,2,N,N,N,Y,Y
ODFW,2020,Black RF,Garibaldi,3/19/2020,2019,9,43,3038,3038,11/1/2022,1/6/2023,MH,1,N,Y,Y,Y,N,N,N,N,N,N,N,N,Y,11,1,1,7,2,N,N,N,Y,Y
ODFW,2020,Black RF,Garibaldi,3/19/2020,2019,10,43,1784,1784,11/1/2022,1/6/2023,MH,1,N,Y,Y,Y,N,N,N,N,N,N,N,N,Y,11,1,1,20,2,N,N,N,Y,Y
ODFW,2020,Black RF,Garibaldi,10/16/2020,2020,4,27,3037,3037,11/2/2022,1/6/2023,MH,1,N,Y,Y,Y,N,N,N,N,N,N,N,N,N,3,0,0,1,1,N,N,N,N,N
ODFW,2020,Black RF,Garibaldi,10/16/2020,2020,6,35,3081,3081,11/2/2022,1/6/2023,MH,1,N,Y,Y,Y,Y,Y,N,N,N,N,N,N,N,4.2,1,1,7,2,N,N,N,N,N
ODFW,2020,Black RF,Garibaldi,10/16/2020,2020,8,38,3013,3013,11/2/2022,1/6/2023,MH,1,N,Y,Y,Y,Y,Y,N,N,N,N,N,N,N,4.2,1,1,1,1,N,N,N,N,N
ODFW,2020,Black RF,Garibaldi,10/16/2020,2020,8,39,3024,3024,11/2/2022,1/6/2023,MH,1,N,Y,Y,Y,N,Y,Y,Y,Y,N,N,N,N,7,1,1,1,1,N,N,N,N,N
ODFW,2020,Black RF,Garibaldi,10/16/2020,2020,8,37,3097,3097,11/2/2022,1/6/2023,MH,1,N,Y,Y,Y,Y,Y,Y,N,N,N,N,N,N,5,1,1,1,1,N,N,N,N,N
ODFW,2020,Black RF,Garibaldi,10/16/2020,2020,11,43,2984,2984,11/2/2022,1/6/2023,MH,1,N,Y,Y,Y,N,Y,Y,Y,N,N,N,N,N,6,1,1,1,1,N,N,N,N,N
ODFW,2020,Black RF,Garibaldi,10/16/2020,2020,13,44,2994,2994,11/21/2022,1/6/2023,MH,1,N,Y,Y,Y,N,N,Y,Y,Y,N,N,N,N,7,1,1,1,1,N,N,N,N,N
ODFW,2020,Black RF,Garibaldi,12/2/2020,2020,6,36,2646,2646,11/2/2022,1/6/2023,MH,1,N,Y,Y,Y,Y,N,N,N,N,N,N,N,N,4.1,1,0,1,1,N,N,N,N,N
ODFW,2020,Black RF,Garibaldi,12/2/2020,2020,7,40,2654,2654,11/2/2022,1/6/2023,MH,1,N,Y,Y,N,N,N,N,Y,Y,N,N,N,N,7,1,1,1,1,N,N,N,N,N
ODFW,2020,Black RF,Garibaldi,12/2/2020,2020,7,38,4002,4002,11/2/2022,1/6/2023,MH,1,N,Y,Y,Y,Y,N,N,N,N,N,N,N,N,4.1,1,0,60,4,Y,Y,N,N,N
ODFW,2020,Black RF,Garibaldi,12/2/2020,2020,7,42,4005,4005,11/2/2022,1/6/2023,MH,1,N,Y,Y,Y,Y,N,N,N,N,N,N,N,N,4.1,1,0,60,4,N,N,N,N,N
ODFW,2020,Black RF,Garibaldi,12/2/2020,2020,7,37,4006,4006,11/2/2022,1/6/2023,MH,1,N,Y,Y,Y,Y,N,N,N,N,N,N,N,N,4.1,1,0,55,4,N,N,N,N,N
ODFW,2020,Black RF,Garibaldi,12/2/2020,2020,7,38,4048,4048,11/2/2022,1/6/2023,MH,1,N,Y,Y,Y,Y,N,N,N,N,N,N,N,N,4.1,1,0,75,5,N,N,N,N,N
ODFW,2020,Black RF,Garibaldi,12/2/2020,2020,8,39,2642,2642,11/21/2022,1/6/2023,MH,1,N,Y,Y,N,N,N,Y,Y,Y,N,N,N,N,7,1,1,1,1,N,N,N,N,N
ODFW,2020,Black RF,Garibaldi,12/2/2020,2020,8,42,2673,2673,11/2/2022,1/6/2023,MH,1,N,Y,Y,N,N,Y,N,Y,Y,N,N,N,N,7,1,1,1,1,N,N,N,N,N
ODFW,2020,Black RF,Garibaldi,12/2/2020,2020,8,42,2772,2772,11/2/2022,1/6/2023,MH,1,N,Y,Y,Y,N,Y,Y,Y,N,N,N,N,N,6,1,1,1,1,N,N,N,N,N
ODFW,2020,Black RF,Garibaldi,12/2/2020,2020,8,38,4000,4000,11/2/2022,1/6/2023,MH,1,N,Y,Y,Y,N,N,N,N,N,N,N,N,N,3,0,0,7,2,N,N,N,N,N
ODFW,2020,Black RF,Garibaldi,12/2/2020,2020,9,46,2650,2650,11/2/2022,1/6/2023,MH,1,N,Y,Y,N,N,Y,Y,Y,Y,N,N,N,N,7,1,1,1,1,N,N,N,N,N
ODFW,2020,Black RF,Garibaldi,12/2/2020,2020,9,40,4003,4003,11/2/2022,1/6/2023,MH,1,Y,Y,Y,Y,N,Y,N,Y,Y,N,N,N,N,7,1,1,10,2,N,Y,N,N,N
ODFW,2020,Black RF,Garibaldi,12/2/2020,2020,9,42,4040,4040,11/2/2022,1/6/2023,MH,1,N,Y,Y,N,N,N,N,Y,Y,N,N,N,N,7,1,1,1,1,N,N,N,N,N
ODFW,2020,Black RF,Garibaldi,12/2/2020,2020,10,43,4038,4038,11/2/2022,1/6/2023,MH,1,N,Y,Y,N,N,N,N,Y,Y,N,N,N,N,7,1,1,1,1,N,N,N,N,N
ODFW,2020,Black RF,Garibaldi,12/2/2020,2020,11,43,2747,2747,11/2/2022,1/6/2023,MH,1,N,Y,Y,Y,Y,N,N,N,N,N,N,N,N,4.1,1,0,30,3,Y,Y,N,N,N
ODFW,2020,Black RF,Garibaldi,12/2/2020,2020,11,46,4001,4001,11/2/2022,1/6/2023,MH,1,N,Y,Y,N,N,N,N,Y,Y,N,N,N,N,7,1,1,0,1,N,N,N,N,N
ODFW,2020,Black RF,Garibaldi,12/2/2020,2020,11,45,4039,4039,11/2/2022,1/6/2023,MH,1,N,Y,Y,N,N,N,N,N,Y,Y,N,N,N,8,1,1,1,1,N,N,N,N,N
ODFW,2020,Black RF,Garibaldi,12/2/2020,2020,12,42,2661,2661,11/21/2022,1/6/2023,MH,1,N,Y,Y,Y,N,N,N,Y,Y,N,N,N,N,7,1,1,1,1,N,N,N,N,N
ODFW,2021,Black RF,Pacific City,3/12/2021,2020,5,33,4141,4141,11/22/2022,1/6/2023,MH,1,N,Y,Y,Y,N,N,N,N,N,N,N,N,N,3,0,0,7,2,N,N,N,N,N
ODFW,2021,Black RF,Pacific City,3/12/2021,2020,7,40,4101,4101,11/21/2022,1/6/2023,MH,1,N,Y,Y,Y,Y,N,N,N,N,N,N,N,N,4.1,1,0,75,5,Y,N,N,N,N
ODFW,2021,Black RF,Garibaldi,3/12/2021,2020,7,37,4124,4124,11/22/2022,1/6/2023,MH,1,N,Y,Y,Y,N,N,N,N,N,N,N,N,N,3,0,0,5,2,N,N,N,N,N
ODFW,2021,Black RF,Pacific City,3/12/2021,2020,7,38,4142,4142,11/22/2022,1/6/2023,MH,0,N,Y,Y,Y,N,N,N,N,N,N,N,N,N,3,0,0,7,2,N,N,N,N,N
ODFW,2021,Black RF,Pacific City,3/12/2021,2020,7,38,4147,4147,11/22/2022,1/6/2023,MH,1,N,Y,Y,Y,N,N,N,N,N,N,N,N,N,3,0,0,2,1,N,N,N,N,N
ODFW,2021,Black RF,Pacific City,3/12/2021,2020,7,39,4149,4149,11/22/2022,1/6/2023,MH,1,N,Y,Y,Y,N,N,N,N,N,N,N,N,Y,11,1,1,10,2,N,N,N,Y,Y
ODFW,2021,Black RF,Pacific City,3/12/2021,2020,8,37,4033,4033,11/21/2022,1/6/2023,MH,1,N,Y,Y,Y,N,N,N,N,N,N,N,N,N,3,0,0,7,2,Y,N,N,N,N
ODFW,2021,Black RF,Pacific City,3/12/2021,2020,8,41,4103,4103,11/22/2022,1/6/2023,MH,1,N,Y,Y,Y,N,N,N,N,N,N,N,N,Y,11,1,1,10,2,N,N,N,Y,Y
ODFW,2021,Black RF,Garibaldi,3/12/2021,2020,8,41,4123,4123,11/22/2022,1/6/2023,MH,1,N,Y,Y,Y,Y,N,N,N,N,N,N,N,N,4.1,1,0,20,2,Y,N,N,N,N
ODFW,2021,Black RF,Garibaldi,3/12/2021,2020,8,46,4127,4127,11/22/2022,1/6/2023,MH,1,N,Y,Y,Y,N,N,N,N,N,N,N,N,Y,11,1,1,15,2,N,N,N,Y,Y
ODFW,2021,Black RF,Pacific City,3/12/2021,2020,8,39,4143,4143,11/22/2022,1/6/2023,MH,1,N,Y,Y,Y,N,N,N,N,N,N,N,N,N,3,0,0,2,1,N,Y,N,N,N
ODFW,2021,Black RF,Pacific City,3/12/2021,2020,9,39,4144,4144,11/22/2022,1/6/2023,MH,1,N,Y,Y,Y,N,N,N,N,N,N,N,N,N,3,0,0,2,1,N,N,N,N,N
ODFW,2021,Black RF,Pacific City,3/12/2021,2020,10,46,4102,4102,11/22/2022,1/6/2023,MH,1,N,Y,Y,Y,N,N,N,N,N,N,N,N,Y,11,1,1,10,2,N,N,N,Y,Y
ODFW,2021,Black RF,Garibaldi,3/12/2021,2020,10,42,4126,4126,11/22/2022,1/6/2023,MH,1,N,Y,Y,Y,N,N,N,N,N,N,N,N,N,3,0,0,5,2,Y,N,N,N,N
ODFW,2021,Black RF,Pacific City,3/12/2021,2020,10,41,4145,4145,11/22/2022,1/6/2023,MH,1,N,Y,Y,Y,N,N,N,N,N,N,N,N,Y,11,1,1,10,2,N,N,N,Y,Y
ODFW,2021,Black RF,Garibaldi,3/12/2021,2020,13,43,4125,4125,11/22/2022,1/6/2023,MH,1,N,Y,Y,Y,N,N,N,N,N,N,N,N,Y,11,1,1,15,2,N,N,N,Y,Y
ODFW,2021,Black RF,Pacific City,3/12/2021,2020,13,43,4146,4146,11/22/2022,1/6/2023,MH,1,N,Y,Y,Y,N,N,N,N,N,N,N,N,Y,11,1,1,10,2,N,N,N,Y,Y
ODFW,2021,Black RF,Garibaldi,4/9/2021,2020,5,34,4177,4177,11/22/2022,1/6/2023,MH,1,N,Y,Y,Y,N,N,N,N,N,N,N,N,N,3,0,0,5,2,N,N,N,N,N
ODFW,2021,Black RF,Garibaldi,4/9/2021,2020,6,35,4156,4156,11/22/2022,1/6/2023,MH,1,N,Y,Y,Y,N,N,N,N,N,N,N,N,N,3,0,0,2,1,N,N,N,N,N
ODFW,2021,Black RF,Garibaldi,4/9/2021,2020,8,46,4155,4155,11/22/2022,1/6/2023,MH,0,N,Y,Y,Y,Y,N,N,N,N,N,N,N,N,4.1,1,0,4,1,N,N,N,N,N
ODFW,2021,Black RF,Garibaldi,4/9/2021,2020,11,46,4157,4157,11/22/2022,1/6/2023,MH,1,N,Y,Y,Y,N,N,N,N,N,N,N,N,N,3,0,0,4,1,N,N,N,N,N
ODFW,2021,Black RF,Garibaldi,4/9/2021,2020,11,47,4164,4164,11/22/2022,1/6/2023,MH,1,N,Y,Y,Y,N,N,N,N,N,N,N,N,Y,11,1,1,10,2,N,N,N,Y,Y
ODFW,2021,Black RF,Garibaldi,4/9/2021,2020,11,46,4165,4165,11/22/2022,1/6/2023,MH,1,N,Y,Y,Y,N,N,N,N,N,N,N,N,Y,11,1,1,15,2,N,N,N,Y,Y
ODFW,2021,Black RF,Garibaldi,4/9/2021,2020,11,46,4166,4166,11/22/2022,1/6/2023,MH,1,N,Y,Y,Y,N,N,N,N,N,N,N,N,Y,11,1,1,10,2,N,N,N,Y,Y
ODFW,2021,Black RF,Garibaldi,4/9/2021,2020,11,46,4178,4178,11/22/2022,1/6/2023,MH,1,N,Y,Y,Y,N,N,N,N,N,N,N,N,Y,11,1,1,10,2,N,N,N,Y,Y
ODFW,2021,Black RF,Garibaldi,4/9/2021,2020,12,48,4158,4158,11/22/2022,1/6/2023,MH,1,N,Y,Y,Y,N,N,N,N,N,N,N,N,Y,11,1,1,10,2,N,N,N,Y,Y
ODFW,2021,Black RF,Garibaldi,4/9/2021,2020,12,48,4162,4162,11/22/2022,1/6/2023,MH,1,N,Y,Y,Y,N,N,N,N,N,N,N,N,Y,11,1,1,10,2,N,N,N,Y,Y
ODFW,2021,Black RF,Garibaldi,4/9/2021,2020,12,47,4163,4163,11/22/2022,1/6/2023,MH,1,N,Y,Y,Y,N,N,N,N,N,N,N,N,Y,11,1,1,15,2,N,N,N,Y,Y
ODFW,2021,Black RF,Garibaldi,4/9/2021,2020,12,47,4167,4167,11/22/2022,1/6/2023,MH,1,N,Y,Y,Y,N,N,N,N,N,N,N,N,Y,11,1,1,15,2,N,N,N,Y,Y
ODFW,2021,Black RF,Garibaldi,4/9/2021,2020,15,48,4159,4159,11/22/2022,1/6/2023,MH,1,N,Y,Y,Y,Y,N,N,N,N,N,N,N,N,4.1,1,0,20,2,N,N,N,N,N
ODFW,2021,Black RF,Garibaldi,4/9/2021,2020,16,50,4160,4160,11/22/2022,1/6/2023,MH,0,N,Y,Y,Y,Y,N,N,N,N,N,N,N,Y,11,1,1,20,2,N,N,N,Y,Y
ODFW,2021,Black RF,Garibaldi,4/9/2021,2020,18,51,4154,4154,11/22/2022,1/6/2023,MH,1,N,Y,Y,Y,N,N,N,N,N,N,N,N,Y,11,1,1,15,2,N,N,N,Y,Y
ODFW,2021,Black RF,Garibaldi,4/9/2021,2020,18,55,4161,4161,11/22/2022,1/6/2023,MH,1,N,Y,Y,Y,N,N,N,N,N,N,N,N,Y,11,1,1,10,2,N,N,N,Y,Y
ODFW,2021,Black RF,Gold Beach,4/16/2021,2020,7,35,2200,2200,11/20/2022,1/5/2023,MH,1,N,Y,Y,Y,N,N,N,N,N,N,N,N,Y,11,1,1,15,2,N,Y,N,Y,Y
ODFW,2021,Black RF,Gold Beach,4/16/2021,2020,9,46,2145,2145,11/20/2022,1/5/2023,MH,1,N,Y,Y,Y,N,N,N,N,N,N,N,N,Y,11,1,1,10,2,N,N,N,Y,Y
ODFW,2021,Black RF,Gold Beach,4/16/2021,2020,9,40,2262,2262,11/21/2022,1/5/2023,MH,0,N,Y,Y,Y,N,N,N,N,N,N,N,N,Y,11,1,1,10,2,N,N,N,Y,N
ODFW,2021,Black RF,Gold Beach,4/16/2021,2020,13,47,2214,2214,11/20/2022,1/5/2023,MH,1,N,Y,Y,Y,N,N,N,N,N,N,N,N,Y,11,1,1,10,2,N,N,N,Y,Y
ODFW,2021,Black RF,Charleston,4/19/2021,2020,4,30,2533,2533,11/21/2022,1/6/2023,MH,1,N,Y,Y,Y,N,N,N,N,N,N,N,N,N,3,0,0,1,1,N,N,N,N,N
ODFW,2021,Black RF,Charleston,4/19/2021,2020,6,35,2525,2525,11/21/2022,1/5/2023,MH,1,N,Y,Y,Y,N,N,N,N,N,N,N,N,N,3,0,0,5,2,N,N,N,N,N
ODFW,2021,Black RF,Charleston,4/19/2021,2020,7,40,2521,2521,11/21/2022,1/5/2023,MH,1,N,Y,Y,Y,Y,N,N,N,N,N,N,N,N,4.1,1,0,7,2,N,N,N,N,N
ODFW,2021,Black RF,Charleston,4/19/2021,2020,7,39,7791,7791,12/1/2022,1/6/2023,MH,1,N,Y,Y,Y,N,N,N,N,N,N,N,N,N,3,0,0,2,1,N,N,N,N,N
ODFW,2021,Black RF,Charleston,4/19/2021,2020,10,44,2500,2500,11/21/2022,1/5/2023,MH,1,N,Y,Y,Y,N,N,N,N,N,N,N,N,Y,11,1,1,10,2,N,N,N,Y,Y
ODFW,2021,Black RF,Charleston,4/19/2021,2020,11,44,2529,2529,11/21/2022,1/5/2023,MH,1,N,Y,Y,Y,N,N,N,N,N,N,N,N,Y,11,1,1,10,2,N,N,N,Y,Y
ODFW,2021,Black RF,Charleston,4/19/2021,2020,12,41,2574,2574,11/21/2022,1/6/2023,MH,1,N,Y,Y,Y,N,N,N,N,N,N,N,N,Y,11,1,1,10,2,N,N,N,Y,Y
ODFW,2021,Black RF,Gold Beach,4/28/2021,2020,5,34,2166,2166,11/20/2022,1/5/2023,MH,1,N,Y,Y,Y,Y,N,N,N,N,N,N,N,N,4.1,1,0,76,4,N,N,N,N,N
ODFW,2021,Black RF,Gold Beach,4/28/2021,2020,7,38,2103,2103,11/20/2022,1/5/2023,MH,1,N,Y,Y,Y,N,N,N,N,N,N,N,N,Y,11,1,1,15,2,N,Y,N,Y,Y
ODFW,2021,Black RF,Gold Beach,4/28/2021,2020,7,39,2147,2147,11/20/2022,1/5/2023,MH,0,N,Y,Y,Y,Y,N,N,N,N,N,N,N,N,4.1,1,0,20,2,N,N,N,N,N
ODFW,2021,Black RF,Gold Beach,4/28/2021,2020,7,36,2154,2154,11/20/2022,1/5/2023,MH,1,N,Y,Y,Y,Y,N,N,N,N,N,N,N,N,4.1,1,0,60,3,N,N,N,N,N
ODFW,2021,Black RF,Gold Beach,4/28/2021,2020,7,39,2199,2199,11/20/2022,1/5/2023,MH,1,N,Y,Y,Y,N,N,N,N,N,N,N,N,Y,11,1,1,20,2,N,Y,N,Y,Y
ODFW,2021,Black RF,Gold Beach,4/28/2021,2020,8,41,2238,2238,11/21/2022,1/5/2023,MH,1,N,Y,Y,Y,N,N,N,N,N,N,N,N,Y,11,1,1,15,2,N,N,N,Y,Y
ODFW,2021,Black RF,Gold Beach,4/28/2021,2020,8,37,2242,2242,11/21/2022,1/5/2023,MH,1,N,Y,Y,Y,N,N,N,N,N,N,N,N,Y,11,1,1,15,2,N,N,N,Y,Y
